title,price,rating,image,product_link,description,search_query,website,product_info_json
"MacBook Air MC7X4 13.6-Inch Display : Apple M2 chip with 8-core CPU and 8-core GPU, 16GB RAM/256GB SSD(International Version) English Midnight",4419,,https://f.nooncdn.com/p/pnsku/N70127767V/45/_/1764242223/6f40c04e-c8d9-483a-a099-63108b1d8a1d.jpg,https://www.noon.com/egypt-en/macbook-air-mc7x4-13-6-inch-display-apple-m2-chip-with-8-core-cpu-and-8-core-gpu-16gb-ram-256gb-ssd-international-version-english-midnight/N70127767V/p/,,laptop 16gb ram,Noon,
"New 2025 MacBook Air MW123 13-Inch Display, Apple M4 Chip 10-Core CPU 8-Core GPU Processor/16GB RAM/256GB SSD/macOS(International Version) English Midnight",3999,,https://f.nooncdn.com/p/pnsku/N70154912V/45/_/1764242436/53542bc9-b94c-42ce-835b-ceccbc69fd5d.jpg,https://www.noon.com/egypt-en/new-2025-macbook-air-mw123-13-inch-display-apple-m4-chip-10-core-cpu-8-core-gpu-processor-16gb-ram-256gb-ssd-macos-international-version-english-midnight/N70154912V/p/,,laptop 16gb ram,Noon,
"New 2025 MacBook Air MC6T4 13-Inch Display, Apple M4 Chip 10-Core CPU 8-Core GPU Processor/16GB RAM/256GB SSD/macOS(International Version) English Sky Blue",5109,,https://f.nooncdn.com/p/pnsku/N70154913V/45/_/1764242392/fdea9e2a-68e2-44b4-955c-79f99d53f961.jpg,https://www.noon.com/egypt-en/new-2025-macbook-air-mc6t4-13-inch-display-apple-m4-chip-10-core-cpu-8-core-gpu-processor-16gb-ram-256gb-ssd-macos-international-version-english-sky-blue/N70154913V/p/,,laptop 16gb ram,Noon,
"MacBook Air MGN63 With 13-Inch Display, M1 Chip With 8-Core Processor And 7-Core Graphics/8GB RAM DDR4/256GB SSD/ English/Arabic Space Grey",4199,,https://f.nooncdn.com/p/pnsku/N41964615A/45/_/1764242168/4c84d7a6-8257-473a-846c-ef2d58c30b2f.jpg,https://www.noon.com/egypt-en/macbook-air-mgn63-with-13-inch-display-m1-chip-with-8-core-processor-and-7-core-graphics-8gb-ram-ddr4-256gb-ssd-english-arabic-space-grey/N41964615A/p/,,laptop 16gb ram,Noon,
"New 2025 MacBook Air MW0Y3 13-Inch Display, Apple M4 Chip 10-Core CPU 8-Core GPU Processor/16GB RAM/256GB SSD/macOS(International Version) English Starlight",5009,,https://f.nooncdn.com/p/pnsku/N70154911V/45/_/1764236010/dd0feb3f-f43d-4d0e-ab28-ae202da32673.jpg,https://www.noon.com/egypt-en/new-2025-macbook-air-mw0y3-13-inch-display-apple-m4-chip-10-core-cpu-8-core-gpu-processor-16gb-ram-256gb-ssd-macos-international-version-english-starlight/N70154911V/p/,,laptop 16gb ram,Noon,
"Victus 15-fb3093dx Laptop With 15.6-Inch FHD IPS 144Hz Display, AMD Ryzen 7 -7445HS Processor/16GB RAM/512GB SSD/6GB NVIDIA GeForce RTX 4050 Graphics/Windows 11/ English Mica Silver",2770,,https://f.nooncdn.com/p/pnsku/N70199257V/45/_/1764236044/b27f1dee-202a-4e49-8f96-899e69cdbebd.jpg,https://www.noon.com/egypt-en/victus-15-fb3093dx-laptop-with-15-6-inch-fhd-ips-144hz-display-amd-ryzen-7-7445hs-processor-16gb-ram-512gb-ssd-6gb-nvidia-geforce-rtx-4050-graphics-windows-11-english-mica-silver/N70199257V/p/,,laptop 16gb ram,Noon,
"MacBook Pro MX2H3 Liquid XDR Retina 14-Inch Display, M4 Pro Chip 12-Core CPU 16-Core GPU Processor/24GB RAM/512GB SSD/macOS(International Version) English Space Black",12159,,https://f.nooncdn.com/p/pnsku/N70125918V/45/_/1739178983/65552e5e-aef4-465a-90ef-64f6514d3d86.jpg,https://www.noon.com/egypt-en/macbook-pro-mx2h3-liquid-xdr-retina-14-inch-display-m4-pro-chip-12-core-cpu-16-core-gpu-processor-24gb-ram-512gb-ssd-macos-international-version-english-space-black/N70125918V/p/,,laptop 16gb ram,Noon,
"New 2025 MacBook Air MW133 13-Inch Display, Apple M4 Chip 10-Core CPU 10-Core GPU Processor/16GB RAM/512GB SSD/macOS(International Version) English Midnight",6239,,https://f.nooncdn.com/p/pnsku/N70154910V/45/_/1764236065/ef413ea7-0ec5-4c3f-807f-b6c1a51b6097.jpg,https://www.noon.com/egypt-en/new-2025-macbook-air-mw133-13-inch-display-apple-m4-chip-10-core-cpu-10-core-gpu-processor-16gb-ram-512gb-ssd-macos-international-version-english-midnight/N70154910V/p/,,laptop 16gb ram,Noon,
"New M5 Macbook Pro 2025 MDE04 Laptop With 14‑inch XDR Retina Display, M5 chip with 10-core CPU, 10-core GPU Processor/16GB RAM/512GB SSD/MacOS/ International version English Space Black",6099,,https://f.nooncdn.com/p/pnsku/N70248386V/45/_/1764242114/a46b0fdb-72db-4bc1-a5aa-569022495a78.jpg,https://www.noon.com/egypt-en/new-m5-macbook-pro-2025-mde04-laptop-with-14-inch-xdr-retina-display-m5-chip-with-10-core-cpu-10-core-gpu-processor-16gb-ram-512gb-ssd-macos-international-version-english-space-black/N70248386V/p/,,laptop 16gb ram,Noon,
"15-fd0000nx Laptop With 15.6-inch Full HD(1920x1080) IPS Display, Core i7-1355U Processor/16GB RAM DDR4/512GB SSD/Windows 11/Intel Iris Xe Graphics/ English/Arabic Natural Silver",4999,,https://f.nooncdn.com/p/pnsku/N53430595A/45/_/1766050012/320ca6d2-1915-412b-8a84-f57e8a72cc7d.jpg,https://www.noon.com/egypt-en/15-fd0000nx-laptop-with-15-6-inch-full-hd-1920x1080-ips-display-core-i7-1355u-processor-16gb-ram-ddr4-512gb-ssd-windows-11-intel-iris-xe-graphics-english-arabic-natural-silver/N53430595A/p/,,laptop 16gb ram,Noon,
"ROG Ally X XBOX Gaming Console With 7 Inch Full HD(1920X1080) Display 120Hz, AMD Ryzen Z2 Extreme Processor/24GB RAM DDR5/1TB SSD/AMD Radeon Graphics/Windows 11 Home/Dolby Speaker TYPE C & Finger Print Sensor/ Black",3830,,https://f.nooncdn.com/p/pnsku/N70220228V/45/_/1765818515/803c86d9-81ae-43ed-a24d-b9c5695247ee.jpg,https://www.noon.com/egypt-en/rog-ally-x-xbox-gaming-console-with-7-inch-full-hd-1920x1080-display-120hz-amd-ryzen-z2-extreme-processor-24gb-ram-ddr5-1tb-ssd-amd-radeon-graphics-windows-11-home-dolby-speaker-type-c-finger-print-sensor-black/N70220228V/p/,,laptop 16gb ram,Noon,
"New 2025 MacBook Air MW123 13-Inch Display, Apple M4 Chip 10-Core CPU 8-Core GPU Processor/16GB RAM/256GB SSD/macOS English/Arabic Midnight",5199,,https://f.nooncdn.com/p/pnsku/N70154925V/45/_/1764242202/b617c2b9-5a4e-4d48-a310-499efb5b0984.jpg,https://www.noon.com/egypt-en/new-2025-macbook-air-mw123-13-inch-display-apple-m4-chip-10-core-cpu-8-core-gpu-processor-16gb-ram-256gb-ssd-macos-english-arabic-midnight/N70154925V/p/,,laptop 16gb ram,Noon,
"New 2025 MacBook Air MW1L3 15-Inch Display, M4 chip 10-core CPU and 10-core GPU Processor/16GB RAM/256GB SSD/macOS (International Version) English Midnight",6409,,https://f.nooncdn.com/p/pnsku/N70154914V/45/_/1764242500/3f0607a0-f298-461d-8c3d-f5c06d96aea5.jpg,https://www.noon.com/egypt-en/new-2025-macbook-air-mw1l3-15-inch-display-m4-chip-10-core-cpu-and-10-core-gpu-processor-16gb-ram-256gb-ssd-macos-international-version-english-midnight/N70154914V/p/,,laptop 16gb ram,Noon,
"New 2025 MacBook Air MC6U4 13-Inch Display, Apple M4 Chip 10-Core CPU 10-Core GPU Processor/16GB RAM/512GB SSD/macOS(International Version) English Sky Blue",6349,,https://f.nooncdn.com/p/pnsku/N70154916V/45/_/1764236078/8578fd05-289e-4316-9d2b-d77a3df0e67e.jpg,https://www.noon.com/egypt-en/new-2025-macbook-air-mc6u4-13-inch-display-apple-m4-chip-10-core-cpu-10-core-gpu-processor-16gb-ram-512gb-ssd-macos-international-version-english-sky-blue/N70154916V/p/,,laptop 16gb ram,Noon,
"IdeaPad Slim 3 15IRH10 (Upgraded Laptop) Laptop With 15.6 Full HD Display, Intel Core i7-13620H Processor/16GB DDR5-4800 RAM/512GB SSD/Intel UHD Graphics/Windows 11 Home/ English/Arabic Arctic Grey",3499,,https://f.nooncdn.com/p/pnsku/N70044235V/45/_/1766380608/9ce71f00-c012-4254-a3d0-960145a28e2b.jpg,https://www.noon.com/egypt-en/ideapad-slim-3-15irh10-upgraded-laptop-laptop-with-15-6-full-hd-display-intel-core-i7-13620h-processor-16gb-ddr5-4800-ram-512gb-ssd-intel-uhd-graphics-windows-11-home-english-arabic-arctic-grey/N70044235V/p/,,laptop 16gb ram,Noon,
"HP ProBook x360 440 G1, INTEL CORE I5 8TH GEN (U), 14"" Inch, 16GB Ram, 256GB SSD, INTEGRATED INTEL UHD GRAPHICS 620 , Windows 11 - Silver","EGP 16,500.00",,https://eg.jumia.is/unsafe/fit-in/300x300/filters:fill(white)/product/69/6509331/1.jpg,https://www.jumia.com.eg/customer/account/login/?tkWl=HP431CL2T07HXNAFAMZ-215316304&return=%2Fcatalog%2F%3Fq%3Dlaptop%2B16gb%2Bram%26page%3D1,,laptop 16gb ram,Jumia,
"HP Elite Book 840 G8, Intel Core i7 11th Gen (U), 14"" Inch, 16GB Ram, 512GB SSD, Integrated Intel Iris Xe Graphics, Widnows 11 Pro - Silver + Free Bag","EGP 30,000.00",,https://eg.jumia.is/unsafe/fit-in/300x300/filters:fill(white)/product/89/6648331/1.jpg,https://www.jumia.com.eg/customer/account/login/?tkWl=HP431CL34X6BLNAFAMZ-215229331&return=%2Fcatalog%2F%3Fq%3Dlaptop%2B16gb%2Bram%26page%3D1,,laptop 16gb ram,Jumia,
"DELL Vostro 3520 Laptop Intel core i7-1255U 16GB RAM, 512 GB SSD - Carbon Black","EGP 28,092.00",,https://eg.jumia.is/unsafe/fit-in/300x300/filters:fill(white)/product/42/4059331/1.jpg,https://www.jumia.com.eg/customer/account/login/?tkWl=DE014CL2CS94DNAFAMZ-215390633&return=%2Fcatalog%2F%3Fq%3Dlaptop%2B16gb%2Bram%26page%3D1,,laptop 16gb ram,Jumia,
"Lenovo IdeaPad 5 2 in 1 Laptop Intel® Core i7-13620H, 16GB Ram, 512GB SSD, UHD Graphics, 14"" WUXGA, Win 11,83KX0045ED - Luna Grey","EGP 42,049.00",,https://eg.jumia.is/unsafe/fit-in/300x300/filters:fill(white)/product/59/6685331/1.jpg,https://www.jumia.com.eg/customer/account/login/?tkWl=LE018CL2N2911NAFAMZ-214860846&return=%2Fcatalog%2F%3Fq%3Dlaptop%2B16gb%2Bram%26page%3D1,,laptop 16gb ram,Jumia,
"DELL DELL Latitude 3520 Laptop, Intel® Core™ I7-1165G7, 11th Gen, 16GB RAM, 512GB SSD, Intel® Iris® Xe Graphics, 15.6 Inch HD, Windows 10 Pro, Black","EGP 31,999.00",,https://eg.jumia.is/unsafe/fit-in/300x300/filters:fill(white)/product/95/7332031/1.jpg,https://www.jumia.com.eg/customer/account/login/?tkWl=DE014CL38J8PFNAFAMZ-211254295&return=%2Fcatalog%2F%3Fq%3Dlaptop%2B16gb%2Bram%26page%3D1,,laptop 16gb ram,Jumia,
Crucial RAM CT16G4SFRA32A 16GB DDR4 3200MHz CL22 Laptop Memory,"EGP 5,985.00",4.9 out of 5(15),https://eg.jumia.is/unsafe/fit-in/300x300/filters:fill(white)/product/35/324759/1.jpg,https://www.jumia.com.eg/customer/account/login/?tkWl=CR729DS0L14RBNAFAMZ-153534527&return=%2Fcatalog%2F%3Fq%3Dlaptop%2B16gb%2Bram%26page%3D1,,laptop 16gb ram,Jumia,
"Lenovo LOQ 15IAX9E (Essential) Gaming - Intel Core i5-12450HX, NVIDIA GeForce RTX 2050 4GB GDDR6 Graphics, 16GB DDR5 RAM, 512GB SSD, 15.6"" FHD (1920x1080) IPS 300nits 100% sRGB 144Hz, Mouse//2 Years//","EGP 30,249.00",4.7 out of 5(3),https://eg.jumia.is/unsafe/fit-in/300x300/filters:fill(white)/product/77/8975331/1.jpg,https://www.jumia.com.eg/customer/account/login/?tkWl=LE018CL2XWYM5NAFAMZ-214849724&return=%2Fcatalog%2F%3Fq%3Dlaptop%2B16gb%2Bram%26page%3D1,,laptop 16gb ram,Jumia,
"Lenovo IdeaPad 5 2-in-1 Laptop Intel® Core™ 7 150U, 16GB Ram, 512GB SSD, Intel® Graphics, 14"" WUXGA, Win11, 83DT008YED - Luna Grey","EGP 42,879.00",,https://eg.jumia.is/unsafe/fit-in/300x300/filters:fill(white)/product/27/6685331/1.jpg,https://www.jumia.com.eg/customer/account/login/?tkWl=LE018CL240DO5NAFAMZ-214860823&return=%2Fcatalog%2F%3Fq%3Dlaptop%2B16gb%2Bram%26page%3D1,,laptop 16gb ram,Jumia,
"HP Elite Book 855 G7, AMD Ryzen 5 Pro 4650U, 15.6"" Inch 16GB Ram, 256GB SSD, AMD Radeon Vega Graphics, Windows 11 - Silver","EGP 19,000.00",,https://eg.jumia.is/unsafe/fit-in/300x300/filters:fill(white)/product/75/2349331/1.jpg,https://www.jumia.com.eg/customer/account/login/?tkWl=HP431CL2WBW51NAFAMZ-215378673&return=%2Fcatalog%2F%3Fq%3Dlaptop%2B16gb%2Bram%26page%3D1,,laptop 16gb ram,Jumia,
"DELL Preowned Precision 3561 - Intel Core i7-11850H, 16GB RAM, 512GB SSD, 15.6"" Full HD Display, Intel + Nvidia 4GB Graphics - Grade A","EGP 30,000.00",,https://eg.jumia.is/unsafe/fit-in/300x300/filters:fill(white)/product/99/7728331/1.jpg,https://www.jumia.com.eg/customer/account/login/?tkWl=DE014CL3AXTPDNAFAMZ-215198937&return=%2Fcatalog%2F%3Fq%3Dlaptop%2B16gb%2Bram%26page%3D1,,laptop 16gb ram,Jumia,
"HP Victus Gaming Laptop Intel® Core™ i7-13700H, 16GB Ram, 512GB SSD, NVIDIA® GeForce RTX™ 4050 6GB, 15.6"" FHD, Win11, 15-fa1109ne - Performance Blue","EGP 52,299.00",,https://eg.jumia.is/unsafe/fit-in/300x300/filters:fill(white)/product/83/0996131/1.jpg,https://www.jumia.com.eg/customer/account/login/?tkWl=HP431CL310GKDNAFAMZ-212811699&return=%2Fcatalog%2F%3Fq%3Dlaptop%2B16gb%2Bram%26page%3D1,,laptop 16gb ram,Jumia,
DELL Renewed Latitude 7420 – Core i7-1185G7 – 16GB RAM – 256GB SSD – gray - Grade B - Windows,"EGP 19,000.00",,https://eg.jumia.is/unsafe/fit-in/300x300/filters:fill(white)/product/87/7908331/1.jpg,https://www.jumia.com.eg/customer/account/login/?tkWl=DE014CL33T0C1NAFAMZ-215175031&return=%2Fcatalog%2F%3Fq%3Dlaptop%2B16gb%2Bram%26page%3D1,,laptop 16gb ram,Jumia,
HP Renewed Elitebook 840 G8 i5 gen 11th 1154U - RAM 16GB - Hard SSD 256 GB VGA intel - Silver - Grade B - Windows,"EGP 15,700.00",,https://eg.jumia.is/unsafe/fit-in/300x300/filters:fill(white)/product/74/1109331/1.jpg,https://www.jumia.com.eg/customer/account/login/?tkWl=HP431CL2VNSUTNAFAMZ-215309531&return=%2Fcatalog%2F%3Fq%3Dlaptop%2B16gb%2Bram%26page%3D1,,laptop 16gb ram,Jumia,
"HP Elite Book 840 G8, Intel Core i7 11th Gen (U), 14"" Inch, 16GB Ram, 512GB SSD, Integrated Intel Iris Xe Graphics, Widnows 11 Pro - Silver + Wireless Mouse","EGP 31,000.00",,https://eg.jumia.is/unsafe/fit-in/300x300/filters:fill(white)/product/04/1058331/1.jpg,https://www.jumia.com.eg/customer/account/login/?tkWl=HP431CL1PZCKPNAFAMZ-215234033&return=%2Fcatalog%2F%3Fq%3Dlaptop%2B16gb%2Bram%26page%3D1,,laptop 16gb ram,Jumia,
"Lenovo IdeaPad Slim 3 15IRH10 ( Core i5-13420H, 16GB Ram DDR5-4800, 512GB NVMe, 15.3 WUXGA, Win 11-Luna Grey ) WL310 Bluetooth Silent Mouse + 16-inch Laptop Topload T210 Black (ECO) + 2 Year Warrant","EGP 27,450.00",,https://eg.jumia.is/unsafe/fit-in/300x300/filters:fill(white)/product/05/6139331/1.jpg,https://www.jumia.com.eg/customer/account/login/?tkWl=LE018CL1QVO8DNAFAMZ-215357559&return=%2Fcatalog%2F%3Fq%3Dlaptop%2B16gb%2Bram%26page%3D1,,laptop 16gb ram,Jumia,
"HP EliteBook 745 G6 Laptop, 14 Inch FHD(1920x1080) Notebook, AMD Ryzen 5 3500U, 16GB RAM, 256GB SSD, Webcam, WiFi, Bluetooth Windows 10 Pro 64-bit(Renewed)","17,000.00 EGP",,https://m.media-amazon.com/images/I/61z+ziRRtcL._AC_UL320_.jpg,https://www.amazon.eg/-/en/sspa/click?ie=UTF8&spc=MToxMjE4MzYwODE0OTc1MDc3OjE3NjY1ODAzMzg6c3BfYXRmOjMwMDg2NjU0MDEwMDczMjo6MDo6&url=%2FHP-EliteBook-745-G6-1920x1080%2Fdp%2FB0CKMXTFJY%2Fref%3Dsr_1_1_sspa%3Fdib%3DeyJ2IjoiMSJ9.2QSWmanpUl4eC2d67QhaRiISYMhD9VuGhiDVjDVuw29gYZuhvcv1UDdf1uuNqdP4E5-H7-s64mLDajH0FFw6iGiDIdpZTRNVXKZFOl9wQj-150CZvr7o2QXr5fFd-FIGoXuIwZ5AeyPJL574VazMFARp-YsxenF4O0gDKKMeLH2ZiX55-RvLjkzRCDVSccpnxNHJ0hT7CimlLiPu0VCLhdK3S8EIagylvdVmTz6v1Tf6zCs7H1tT5QbRg4YnAYiifm_vtYi23dHrP2epBZIM5MXXy1fcXkrmU60wFK9bmnM.S_g5WtzKW5ePTaQ6KwLrW3teE00opmzIq-U-DIiQBYk%26dib_tag%3Dse%26keywords%3Dlaptop%2B16gb%2Bram%26qid%3D1766580338%26sr%3D8-1-spons%26aref%3DB3QeIckXjX%26sp_csd%3Dd2lkZ2V0TmFtZT1zcF9hdGY%26psc%3D1&aref=B3QeIckXjX&sp_cr=DUB,,laptop 16gb ram,Amazon,{}
"HP Mobile Workstation ZBook Firefly 14 G8 Laptop, 14"" FHD Laptop, Quad-Core i5-1135G7, 16GB RAM, 512GB SSD, Backlit Keyboard, Windows 11 Pro(Renewed)","25,000.00 EGP",4.0 out of 5 stars,https://m.media-amazon.com/images/I/71qEhLjXMhL._AC_UL320_.jpg,https://www.amazon.eg/-/en/sspa/click?ie=UTF8&spc=MToxMjE4MzYwODE0OTc1MDc3OjE3NjY1ODAzMzg6c3BfYXRmOjMwMDg1ODcwMzA3NTEzMjo6MDo6&url=%2FHP-Workstation-ZBook-Firefly-14%2Fdp%2FB0DY7LWSFG%2Fref%3Dsr_1_2_sspa%3Fdib%3DeyJ2IjoiMSJ9.2QSWmanpUl4eC2d67QhaRiISYMhD9VuGhiDVjDVuw29gYZuhvcv1UDdf1uuNqdP4E5-H7-s64mLDajH0FFw6iGiDIdpZTRNVXKZFOl9wQj-150CZvr7o2QXr5fFd-FIGoXuIwZ5AeyPJL574VazMFARp-YsxenF4O0gDKKMeLH2ZiX55-RvLjkzRCDVSccpnxNHJ0hT7CimlLiPu0VCLhdK3S8EIagylvdVmTz6v1Tf6zCs7H1tT5QbRg4YnAYiifm_vtYi23dHrP2epBZIM5MXXy1fcXkrmU60wFK9bmnM.S_g5WtzKW5ePTaQ6KwLrW3teE00opmzIq-U-DIiQBYk%26dib_tag%3Dse%26keywords%3Dlaptop%2B16gb%2Bram%26qid%3D1766580338%26sr%3D8-2-spons%26aref%3DCX3soB16ki%26sp_csd%3Dd2lkZ2V0TmFtZT1zcF9hdGY%26psc%3D1&aref=CX3soB16ki&sp_cr=DUB,,laptop 16gb ram,Amazon,{}
"HP Elitebook 745 G6 14"" FHD Laptop, AMD Ryzen 7 Pro 3700U 2.4GHz-4.0GHz, 16GB RAM, 512GB SSD, Fingerprint, Windows 10 Pro (Renewed)","20,000.00 EGP",,https://m.media-amazon.com/images/I/51qmIjNtemL._AC_UL320_.jpg,https://www.amazon.eg/-/en/sspa/click?ie=UTF8&spc=MToxMjE4MzYwODE0OTc1MDc3OjE3NjY1ODAzMzg6c3BfYXRmOjMwMDg2NjU0MDEwMDYzMjo6MDo6&url=%2FHP-Elitebook-745-2-4GHz-4-0GHz-Fingerprint%2Fdp%2FB0CST15L4R%2Fref%3Dsr_1_3_sspa%3Fdib%3DeyJ2IjoiMSJ9.2QSWmanpUl4eC2d67QhaRiISYMhD9VuGhiDVjDVuw29gYZuhvcv1UDdf1uuNqdP4E5-H7-s64mLDajH0FFw6iGiDIdpZTRNVXKZFOl9wQj-150CZvr7o2QXr5fFd-FIGoXuIwZ5AeyPJL574VazMFARp-YsxenF4O0gDKKMeLH2ZiX55-RvLjkzRCDVSccpnxNHJ0hT7CimlLiPu0VCLhdK3S8EIagylvdVmTz6v1Tf6zCs7H1tT5QbRg4YnAYiifm_vtYi23dHrP2epBZIM5MXXy1fcXkrmU60wFK9bmnM.S_g5WtzKW5ePTaQ6KwLrW3teE00opmzIq-U-DIiQBYk%26dib_tag%3Dse%26keywords%3Dlaptop%2B16gb%2Bram%26qid%3D1766580338%26sr%3D8-3-spons%26aref%3DeO00oJ5FHG%26sp_csd%3Dd2lkZ2V0TmFtZT1zcF9hdGY%26psc%3D1%26smid%3DA1R0QV5IW16NB5&aref=eO00oJ5FHG&sp_cr=DUB,,laptop 16gb ram,Amazon,{}
"Lenovo Ideapad Slim 3 15IRH10 Laptop Intel Core i5 13420H, 16GB RAM, 512GB SSD Intel UHD Graphics 15.3 Inch WUXGA, Free Bag and Mouse, 2 Years Warranty - 83K100QPED","27,999.00 EGP",,https://m.media-amazon.com/images/I/61I7U0Uua8L._AC_UL320_.jpg,https://www.amazon.eg/-/en/sspa/click?ie=UTF8&spc=MToxMjE4MzYwODE0OTc1MDc3OjE3NjY1ODAzMzg6c3BfYXRmOjMwMDg3MzE3NTAyMTMzMjo6MDo6&url=%2FLenovo-Ideapad-15IRH10-Graphics-Warranty%2Fdp%2FB0G1Z16JKS%2Fref%3Dsr_1_4_sspa%3Fdib%3DeyJ2IjoiMSJ9.2QSWmanpUl4eC2d67QhaRiISYMhD9VuGhiDVjDVuw29gYZuhvcv1UDdf1uuNqdP4E5-H7-s64mLDajH0FFw6iGiDIdpZTRNVXKZFOl9wQj-150CZvr7o2QXr5fFd-FIGoXuIwZ5AeyPJL574VazMFARp-YsxenF4O0gDKKMeLH2ZiX55-RvLjkzRCDVSccpnxNHJ0hT7CimlLiPu0VCLhdK3S8EIagylvdVmTz6v1Tf6zCs7H1tT5QbRg4YnAYiifm_vtYi23dHrP2epBZIM5MXXy1fcXkrmU60wFK9bmnM.S_g5WtzKW5ePTaQ6KwLrW3teE00opmzIq-U-DIiQBYk%26dib_tag%3Dse%26keywords%3Dlaptop%2B16gb%2Bram%26qid%3D1766580338%26sr%3D8-4-spons%26aref%3DH5BmxgX0bg%26sp_csd%3Dd2lkZ2V0TmFtZT1zcF9hdGY%26psc%3D1&aref=H5BmxgX0bg&sp_cr=DUB,,laptop 16gb ram,Amazon,{}
"DELL Vostro 3520 Laptop -12th Intel core i7-1255U 10 Cores, 16GB RAM, 512 GB SSD PCIe NVMe, Intel Iris Xe Graphics, 15.6"" FHD (1920x1080) 250 nits WVA Anti-Glare, UBUNTU -Carbon Black",,3.6 out of 5 stars,https://m.media-amazon.com/images/I/71JPy7gSTyL._AC_UL320_.jpg,https://www.amazon.eg/-/en/Vostro-3520-i7-1255U-Iris-Anti-Glare/dp/B0C3TQNX18/ref=sr_1_5?dib=eyJ2IjoiMSJ9.2QSWmanpUl4eC2d67QhaRiISYMhD9VuGhiDVjDVuw29gYZuhvcv1UDdf1uuNqdP4E5-H7-s64mLDajH0FFw6iGiDIdpZTRNVXKZFOl9wQj-150CZvr7o2QXr5fFd-FIGoXuIwZ5AeyPJL574VazMFARp-YsxenF4O0gDKKMeLH2ZiX55-RvLjkzRCDVSccpnxNHJ0hT7CimlLiPu0VCLhdK3S8EIagylvdVmTz6v1Tf6zCs7H1tT5QbRg4YnAYiifm_vtYi23dHrP2epBZIM5MXXy1fcXkrmU60wFK9bmnM.S_g5WtzKW5ePTaQ6KwLrW3teE00opmzIq-U-DIiQBYk&dib_tag=se&keywords=laptop+16gb+ram&qid=1766580338&sr=8-5,,laptop 16gb ram,Amazon,{}
"Dell Latitude 5410 14"" FHD Business Laptop, Intel Core i5-10310U, 16GB RAM, 512GB SSD, US Keyboard, Windows 10 Pro (Renewed)","19,000.00 EGP",4.1 out of 5 stars,https://m.media-amazon.com/images/I/61XEJCUlVHL._AC_UL320_.jpg,https://www.amazon.eg/-/en/Dell-Latitude-5410-Business-i5-10310U/dp/B0CZRCHG8Q/ref=sr_1_6?dib=eyJ2IjoiMSJ9.2QSWmanpUl4eC2d67QhaRiISYMhD9VuGhiDVjDVuw29gYZuhvcv1UDdf1uuNqdP4E5-H7-s64mLDajH0FFw6iGiDIdpZTRNVXKZFOl9wQj-150CZvr7o2QXr5fFd-FIGoXuIwZ5AeyPJL574VazMFARp-YsxenF4O0gDKKMeLH2ZiX55-RvLjkzRCDVSccpnxNHJ0hT7CimlLiPu0VCLhdK3S8EIagylvdVmTz6v1Tf6zCs7H1tT5QbRg4YnAYiifm_vtYi23dHrP2epBZIM5MXXy1fcXkrmU60wFK9bmnM.S_g5WtzKW5ePTaQ6KwLrW3teE00opmzIq-U-DIiQBYk&dib_tag=se&keywords=laptop+16gb+ram&qid=1766580338&sr=8-6,,laptop 16gb ram,Amazon,{}
"Dell Latitude 5410 Business Laptop, 14'' FHD Notebook, 10th Gen Intel Core i5-10210U, 16GB RAM, 512GB SSD, Backlit Keyboard, HDMI, Wi-Fi, Bluetooth, Camera, Windows 10 Pro 64-bit (Renewed)","20,000.00 EGP",5.0 out of 5 stars,https://m.media-amazon.com/images/I/61spITCbKOL._AC_UL320_.jpg,https://www.amazon.eg/-/en/Dell-Latitude-5410-i5-10210U-Bluetooth/dp/B0CKN4WMZW/ref=sr_1_7?dib=eyJ2IjoiMSJ9.2QSWmanpUl4eC2d67QhaRiISYMhD9VuGhiDVjDVuw29gYZuhvcv1UDdf1uuNqdP4E5-H7-s64mLDajH0FFw6iGiDIdpZTRNVXKZFOl9wQj-150CZvr7o2QXr5fFd-FIGoXuIwZ5AeyPJL574VazMFARp-YsxenF4O0gDKKMeLH2ZiX55-RvLjkzRCDVSccpnxNHJ0hT7CimlLiPu0VCLhdK3S8EIagylvdVmTz6v1Tf6zCs7H1tT5QbRg4YnAYiifm_vtYi23dHrP2epBZIM5MXXy1fcXkrmU60wFK9bmnM.S_g5WtzKW5ePTaQ6KwLrW3teE00opmzIq-U-DIiQBYk&dib_tag=se&keywords=laptop+16gb+ram&qid=1766580338&sr=8-7,,laptop 16gb ram,Amazon,{}
"Dell Latitude 7490 14-inch FHD (1920x1080) Business Laptop PC, Intel Core i5-8350 1.6GHz, 16GB RAM, 512GB SSD, WiFi, Bluetooth, DP, Webcam Windows 10 Pro 64-Bit (Renewed)","17,500.00 EGP",3.1 out of 5 stars,https://m.media-amazon.com/images/I/71d6k4iQT0L._AC_UL320_.jpg,https://www.amazon.eg/-/en/Dell-Latitude-7490-1920x1080-Bluetooth/dp/B0CFL5L4HG/ref=sr_1_8?dib=eyJ2IjoiMSJ9.2QSWmanpUl4eC2d67QhaRiISYMhD9VuGhiDVjDVuw29gYZuhvcv1UDdf1uuNqdP4E5-H7-s64mLDajH0FFw6iGiDIdpZTRNVXKZFOl9wQj-150CZvr7o2QXr5fFd-FIGoXuIwZ5AeyPJL574VazMFARp-YsxenF4O0gDKKMeLH2ZiX55-RvLjkzRCDVSccpnxNHJ0hT7CimlLiPu0VCLhdK3S8EIagylvdVmTz6v1Tf6zCs7H1tT5QbRg4YnAYiifm_vtYi23dHrP2epBZIM5MXXy1fcXkrmU60wFK9bmnM.S_g5WtzKW5ePTaQ6KwLrW3teE00opmzIq-U-DIiQBYk&dib_tag=se&keywords=laptop+16gb+ram&qid=1766580338&sr=8-8,,laptop 16gb ram,Amazon,{}
"Latitude 5280 Laptop, 12.5"" Core i5-7200 Laptop, 16GB RAM, 256GB ssd, Windows 10 Pro (Renewed)","13,500.00 EGP",,https://m.media-amazon.com/images/I/51Yt-j+gTcL._AC_UL320_.jpg,https://www.amazon.eg/-/en/Latitude-5280-i5-7200-Windows-Renewed/dp/B0FG397WGS/ref=sr_1_9?dib=eyJ2IjoiMSJ9.2QSWmanpUl4eC2d67QhaRiISYMhD9VuGhiDVjDVuw29gYZuhvcv1UDdf1uuNqdP4E5-H7-s64mLDajH0FFw6iGiDIdpZTRNVXKZFOl9wQj-150CZvr7o2QXr5fFd-FIGoXuIwZ5AeyPJL574VazMFARp-YsxenF4O0gDKKMeLH2ZiX55-RvLjkzRCDVSccpnxNHJ0hT7CimlLiPu0VCLhdK3S8EIagylvdVmTz6v1Tf6zCs7H1tT5QbRg4YnAYiifm_vtYi23dHrP2epBZIM5MXXy1fcXkrmU60wFK9bmnM.S_g5WtzKW5ePTaQ6KwLrW3teE00opmzIq-U-DIiQBYk&dib_tag=se&keywords=laptop+16gb+ram&qid=1766580338&sr=8-9,,laptop 16gb ram,Amazon,{}
"Latitude 5280 Laptop, 12.5"" Core i5-7200 Laptop, 16GB RAM, 256GB ssd, 2.6GHz, Windows 10 Pro (Renewed)","13,500.00 EGP",5.0 out of 5 stars,https://m.media-amazon.com/images/I/51quk57DJNL._AC_UL320_.jpg,https://www.amazon.eg/-/en/Latitude-5280-i5-7200-Windows-Renewed/dp/B0FG372BDC/ref=sr_1_10?dib=eyJ2IjoiMSJ9.2QSWmanpUl4eC2d67QhaRiISYMhD9VuGhiDVjDVuw29gYZuhvcv1UDdf1uuNqdP4E5-H7-s64mLDajH0FFw6iGiDIdpZTRNVXKZFOl9wQj-150CZvr7o2QXr5fFd-FIGoXuIwZ5AeyPJL574VazMFARp-YsxenF4O0gDKKMeLH2ZiX55-RvLjkzRCDVSccpnxNHJ0hT7CimlLiPu0VCLhdK3S8EIagylvdVmTz6v1Tf6zCs7H1tT5QbRg4YnAYiifm_vtYi23dHrP2epBZIM5MXXy1fcXkrmU60wFK9bmnM.S_g5WtzKW5ePTaQ6KwLrW3teE00opmzIq-U-DIiQBYk&dib_tag=se&keywords=laptop+16gb+ram&qid=1766580338&sr=8-10,,laptop 16gb ram,Amazon,{}
16gb (2x8gb) Memory RAM SODIMM For Dell Latitude E6440 Laptop Notebook,"1,689.00 EGP",,https://m.media-amazon.com/images/I/71Pd1nw0tUL._AC_UL320_.jpg,https://www.amazon.eg/-/en/Xtremeram-Memory-SODIMM-Latitude-Notebook/dp/B00Y3OLCPQ/ref=sr_1_11?dib=eyJ2IjoiMSJ9.2QSWmanpUl4eC2d67QhaRiISYMhD9VuGhiDVjDVuw29gYZuhvcv1UDdf1uuNqdP4E5-H7-s64mLDajH0FFw6iGiDIdpZTRNVXKZFOl9wQj-150CZvr7o2QXr5fFd-FIGoXuIwZ5AeyPJL574VazMFARp-YsxenF4O0gDKKMeLH2ZiX55-RvLjkzRCDVSccpnxNHJ0hT7CimlLiPu0VCLhdK3S8EIagylvdVmTz6v1Tf6zCs7H1tT5QbRg4YnAYiifm_vtYi23dHrP2epBZIM5MXXy1fcXkrmU60wFK9bmnM.S_g5WtzKW5ePTaQ6KwLrW3teE00opmzIq-U-DIiQBYk&dib_tag=se&keywords=laptop+16gb+ram&qid=1766580338&sr=8-11,,laptop 16gb ram,Amazon,{}
"Lenovo LOQ 15IAX9E (Essential) Gaming - Intel Core i5-12450HX, NVIDIA GeForce RTX 2050 4GB GDDR6 Graphics, 16GB DDR5 RAM, 512GB SSD, 15.6"" FHD (1920x1080) IPS 300nits 100% sRGB 144Hz.","30,249.00 EGP",3.1 out of 5 stars,https://m.media-amazon.com/images/I/814UzpHHTBL._AC_UL320_.jpg,https://www.amazon.eg/-/en/Lenovo-LOQ-15IAX9E-Essential-Gaming/dp/B0DRZK97JL/ref=sr_1_12?dib=eyJ2IjoiMSJ9.2QSWmanpUl4eC2d67QhaRiISYMhD9VuGhiDVjDVuw29gYZuhvcv1UDdf1uuNqdP4E5-H7-s64mLDajH0FFw6iGiDIdpZTRNVXKZFOl9wQj-150CZvr7o2QXr5fFd-FIGoXuIwZ5AeyPJL574VazMFARp-YsxenF4O0gDKKMeLH2ZiX55-RvLjkzRCDVSccpnxNHJ0hT7CimlLiPu0VCLhdK3S8EIagylvdVmTz6v1Tf6zCs7H1tT5QbRg4YnAYiifm_vtYi23dHrP2epBZIM5MXXy1fcXkrmU60wFK9bmnM.S_g5WtzKW5ePTaQ6KwLrW3teE00opmzIq-U-DIiQBYk&dib_tag=se&keywords=laptop+16gb+ram&qid=1766580338&sr=8-12,,laptop 16gb ram,Amazon,{}
"Latitude 5490 14"" Laptop,Core i7-8650U up to 4.20GHz, 16GB DDR4 RAM, 512GB SSD, Webcam, Windows 10Pro (Renewed)","19,000.00 EGP",,https://m.media-amazon.com/images/I/51ba2P1s4yL._AC_UL320_.jpg,https://www.amazon.eg/-/en/Latitude-5490-i7-8650U-4-20GHz-Windows/dp/B0F8NX2XGJ/ref=sr_1_13?dib=eyJ2IjoiMSJ9.2QSWmanpUl4eC2d67QhaRiISYMhD9VuGhiDVjDVuw29gYZuhvcv1UDdf1uuNqdP4E5-H7-s64mLDajH0FFw6iGiDIdpZTRNVXKZFOl9wQj-150CZvr7o2QXr5fFd-FIGoXuIwZ5AeyPJL574VazMFARp-YsxenF4O0gDKKMeLH2ZiX55-RvLjkzRCDVSccpnxNHJ0hT7CimlLiPu0VCLhdK3S8EIagylvdVmTz6v1Tf6zCs7H1tT5QbRg4YnAYiifm_vtYi23dHrP2epBZIM5MXXy1fcXkrmU60wFK9bmnM.S_g5WtzKW5ePTaQ6KwLrW3teE00opmzIq-U-DIiQBYk&dib_tag=se&keywords=laptop+16gb+ram&qid=1766580338&sr=8-13,,laptop 16gb ram,Amazon,{}
"Lenovo Ideapad Slim 3 15IRH10 Laptop Intel Core i5 13420H, 16GB RAM, 512GB SSD Intel UHD Graphics 15.3 Inch WUXGA, Free Bag and Mouse, 2 Years Warranty - 83K100QPED","27,999.00 EGP",,https://m.media-amazon.com/images/I/61I7U0Uua8L._AC_UL320_.jpg,https://www.amazon.eg/-/en/Lenovo-Ideapad-15IRH10-Graphics-Warranty/dp/B0G1Z16JKS/ref=sr_1_14?dib=eyJ2IjoiMSJ9.2QSWmanpUl4eC2d67QhaRiISYMhD9VuGhiDVjDVuw29gYZuhvcv1UDdf1uuNqdP4E5-H7-s64mLDajH0FFw6iGiDIdpZTRNVXKZFOl9wQj-150CZvr7o2QXr5fFd-FIGoXuIwZ5AeyPJL574VazMFARp-YsxenF4O0gDKKMeLH2ZiX55-RvLjkzRCDVSccpnxNHJ0hT7CimlLiPu0VCLhdK3S8EIagylvdVmTz6v1Tf6zCs7H1tT5QbRg4YnAYiifm_vtYi23dHrP2epBZIM5MXXy1fcXkrmU60wFK9bmnM.S_g5WtzKW5ePTaQ6KwLrW3teE00opmzIq-U-DIiQBYk&dib_tag=se&keywords=laptop+16gb+ram&qid=1766580338&sr=8-14,,laptop 16gb ram,Amazon,{}
"Dell Latitude 7420 FHD Laptop Intel Core i5-1145.G7 Processor, 16GB RAM, 512GB SSD, WiFi, Bluetooth, American Keyboard, Windows 11 Pro (Renewed)","25,000.00 EGP",3.0 out of 5 stars,https://m.media-amazon.com/images/I/81Xt1IpUF6L._AC_UL320_.jpg,https://www.amazon.eg/-/en/Dell-Latitude-7420-i5-1145-G7-Processor/dp/B0DWJR8XC5/ref=sr_1_15?dib=eyJ2IjoiMSJ9.2QSWmanpUl4eC2d67QhaRiISYMhD9VuGhiDVjDVuw29gYZuhvcv1UDdf1uuNqdP4E5-H7-s64mLDajH0FFw6iGiDIdpZTRNVXKZFOl9wQj-150CZvr7o2QXr5fFd-FIGoXuIwZ5AeyPJL574VazMFARp-YsxenF4O0gDKKMeLH2ZiX55-RvLjkzRCDVSccpnxNHJ0hT7CimlLiPu0VCLhdK3S8EIagylvdVmTz6v1Tf6zCs7H1tT5QbRg4YnAYiifm_vtYi23dHrP2epBZIM5MXXy1fcXkrmU60wFK9bmnM.S_g5WtzKW5ePTaQ6KwLrW3teE00opmzIq-U-DIiQBYk&dib_tag=se&keywords=laptop+16gb+ram&qid=1766580338&sr=8-15,,laptop 16gb ram,Amazon,{}
